time,1D_Max,1D_Min,CallWall,CallWall_0DTE,G1,G10,G2,G3,G4,G5,G6,G7,G8,G9,GammaWall_0DTE,HVL,HVL_0DTE,PutWall,PutWall_0DTE
1758681285,0.66406,0.65734,0.68,0.6625,0.665,0.635,0.655,0.67,0.685,0.64,0.6675,0.645,0.6525,0.69,0.6625,0.6575,0.66,0.65,0.675
