time,1D_Max,1D_Min,CallWall,CallWall_0DTE,G1,G10,G2,G3,G4,G5,G6,G7,G8,G9,GammaWall_0DTE,HVL,HVL_0DTE,PutWall,PutWall_0DTE
1758679858,1.35783,1.34617,1.3575,1.37,1.3475,1.335,1.3525,1.3425,1.345,1.3625,1.34,1.38,1.365,1.33,1.37,1.355,1.36,1.35,1.35
