time,1D_Max,1D_Min,CallWall,CallWall_0DTE,G1,G10,G2,G3,G4,G5,G6,G7,G8,G9,GammaWall_0DTE,HVL,HVL_0DTE,PutWall,PutWall_0DTE
1758679858,0.72843,0.72437,0.73,0.7275,0.7225,0.7325,0.72,0.715,0.74,0.75,0.735,0.71,0.7175,0.745,0.7275,0.7275,0.73,0.725,0.725
