time,1D_Max,1D_Min,CallWall,CallWall_0DTE,G1,G10,G2,G3,G4,G5,G6,G7,G8,G9,GammaWall_0DTE,HVL,HVL_0DTE,PutWall,PutWall_0DTE
1758679858,1.19043,1.18037,1.2,1.1875,1.19,1.155,1.185,1.1825,1.195,1.1925,1.21,1.22,1.175,1.16,1.1875,1.1775,1.18,1.17,1.18
