time,1D_Max,1D_Min,CallWall,CallWall_0DTE,G1,G10,G2,G3,G4,G5,G6,G7,G8,G9,GammaWall_0DTE,HVL,HVL_0DTE,PutWall,PutWall_0DTE
1758679858,0.00686,0.00679,0.00688,0.00682,0.00685,0.00655,0.0068,0.0069,0.007,0.00705,0.0067,0.0071,0.0072,0.00695,0.00682,0.00678,0.00678,0.00675,0.00672
