time,1D_Max,1D_Min,CallWall,CallWall_0DTE,G1,G10,G2,G3,G4,G5,G6,G7,G8,G9,GammaWall_0DTE,HVL,HVL_0DTE,PutWall,PutWall_0DTE
1758679858,1.28001,1.26869,1.295,1.285,1.27,1.22,1.28,1.195,1.25,1.305,1.185,1.31,1.3,1.24,1.285,1.285,1.265,1.275,1.265
