time,1D_Max,1D_Min,CallWall,CallWall_0DTE,G1,G10,G2,G3,G4,G5,G6,G7,G8,G9,GammaWall_0DTE,HVL,HVL_0DTE,PutWall,PutWall_0DTE
1758681285,0.66268,0.65598,0.67859,0.66113,0.66362,0.63368,0.65364,0.66861,0.68358,0.63867,0.66612,0.64366,0.65115,0.68857,0.66113,0.65614,0.65863,0.64865,0.6736
