time,1D_Max,1D_Min,CallWall,CallWall_0DTE,G1,G10,G2,G3,G4,G5,G6,G7,G8,G9,GammaWall_0DTE,HVL,HVL_0DTE,PutWall,PutWall_0DTE
1758679858,0.72507,0.72103,0.72663,0.72414,0.71917,0.72912,0.71668,0.7117,0.73659,0.74654,0.73161,0.70673,0.71419,0.74156,0.72414,0.72414,0.72663,0.72166,0.72166
