time,1D_Max,1D_Min,CallWall,CallWall_0DTE,G1,G10,G2,G3,G4,G5,G6,G7,G8,G9,GammaWall_0DTE,HVL,HVL_0DTE,PutWall,PutWall_0DTE
1758680622,1.26828,1.25706,1.28313,1.27322,1.25836,1.20882,1.26827,1.18405,1.23854,1.29304,1.17414,1.29799,1.28808,1.22863,1.27322,1.27322,1.25341,1.26331,1.25341
