time,1D_Max,1D_Min,CallWall,CallWall_0DTE,G1,G10,G2,G3,G4,G5,G6,G7,G8,G9,GammaWall_0DTE,HVL,HVL_0DTE,PutWall,PutWall_0DTE
1758681285,1.18583,1.17581,1.19536,1.18291,1.1854,1.15054,1.18042,1.17793,1.19038,1.18789,1.20532,1.21529,1.17046,1.15552,1.18291,1.17295,1.17544,1.16548,1.17544
