time,1D_Max,1D_Min,CallWall,CallWall_0DTE,G1,G10,G2,G3,G4,G5,G6,G7,G8,G9,GammaWall_0DTE,HVL,HVL_0DTE,PutWall,PutWall_0DTE
1758681285,1.35753,1.34587,1.3572,1.3697,1.3472,1.3347,1.3522,1.3422,1.3447,1.3622,1.3397,1.37969,1.3647,1.3297,1.3697,1.3547,1.3597,1.3497,1.3497
