time,1D_Max,1D_Min,CallWall,CallWall_0DTE,G1,G10,G2,G3,G4,G5,G6,G7,G8,G9,GammaWall_0DTE,HVL,HVL_0DTE,PutWall,PutWall_0DTE
1758680622,0.00681,0.00674,0.00683,0.00677,0.0068,0.0065,0.00675,0.00685,0.00695,0.00699,0.00665,0.00704,0.00714,0.0069,0.00677,0.00673,0.00673,0.0067,0.00667
