time,1D_Max,1D_Min,CallWall,CallWall_0DTE,G1,G10,G2,G3,G4,G5,G6,G7,G8,G9,GammaWall_0DTE,HVL,HVL_0DTE,PutWall,PutWall_0DTE
1758680839,1.52444,1.50902,1.54166,1.48456,1.50688,1.57808,1.52989,1.49564,1.46289,1.56575,1.50124,1.55361,1.53575,1.45229,1.51257,1.52407,1.5183,1.47364,1.51257
