time,1D_Max,1D_Min,CallWall,CallWall_0DTE,G1,G10,G2,G3,G4,G5,G6,G7,G8,G9,GammaWall_0DTE,HVL,HVL_0DTE,PutWall,PutWall_0DTE
1758680839,0.79551,0.78847,0.79157,0.79783,0.79469,0.82725,0.78848,0.84456,0.8074,0.77337,0.85169,0.77042,0.77635,0.81391,0.78541,0.78541,0.79783,0.77934,0.78541
