time,1D_Max,1D_Min,CallWall,CallWall_0DTE,G1,G10,G2,G3,G4,G5,G6,G7,G8,G9,GammaWall_0DTE,HVL,HVL_0DTE,PutWall,PutWall_0DTE
1758679858,1.38691,1.37918,1.3857,1.3857,1.3905,1.37151,1.39532,1.40508,1.35761,1.33951,1.36685,1.41498,1.40019,1.3485,1.38094,1.38094,1.37621,1.37621,1.38094
