time,1D_Max,1D_Min,CallWall,CallWall_0DTE,G1,G10,G2,G3,G4,G5,G6,G7,G8,G9,GammaWall_0DTE,HVL,HVL_0DTE,PutWall,PutWall_0DTE
1758679858,0.85048,0.84329,0.85802,0.85074,0.8436,0.86916,0.84715,0.84895,0.84007,0.84183,0.82965,0.82285,0.85436,0.86541,0.84537,0.85255,0.85074,0.83657,0.84537
