time,1D_Max,1D_Min,CallWall,CallWall_0DTE,G1,G10,G2,G3,G4,G5,G6,G7,G8,G9,GammaWall_0DTE,HVL,HVL_0DTE,PutWall,PutWall_0DTE
1758680622,0.74301,0.73663,0.74091,0.74091,0.74228,0.74923,0.73954,0.74504,0.74366,0.73411,0.74643,0.7248,0.73276,0.75205,0.73009,0.73817,0.73546,0.73681,0.73009
