time,1D_Max,1D_Min,CallWall,CallWall_0DTE,G1,G10,G2,G3,G4,G5,G6,G7,G8,G9,GammaWall_0DTE,HVL,HVL_0DTE,PutWall,PutWall_0DTE
1758680839,148.43417,146.91954,149.31378,149.98036,147.13402,153.87298,148.21588,146.06783,143.98115,142.96,150.42806,141.95324,139.98167,145.01698,147.78123,148.6531,148.6531,146.49244,147.78123
